user_id,student_prior_started_skill_builder_count,student_prior_completed_skill_builder_count,student_prior_started_problem_set_count,student_prior_completed_problem_set_count,student_prior_completed_problem_count,student_prior_median_first_response_time,student_prior_median_time_on_task,student_prior_average_correctness,student_prior_average_attempt_count,video,completion
34420,8,4,23,19,219,31.206,36.808,0.5707070707070707,1.8812785388127855,TRUE,1
35241,16,11,25,24,299,24.873,37.517,0.4982078853046595,1.725752508361204,TRUE,0
109255,14,10,25,23,216,48.3005,56.374,0.601010101010101,1.5,FALSE,1
109310,8,8,19,19,138,37.5555,48.0435,0.7692307692307693,1.355072463768116,TRUE,1
109320,8,8,19,18,146,39.148,48.658,0.7608695652173914,1.2397260273972603,FALSE,1
109541,15,8,23,18,184,28.4565,34.16,0.48554913294797686,1.358695652173913,TRUE,1
112269,5,5,20,19,130,23.6235,28.6115,0.7235772357723578,1.4230769230769231,FALSE,1
128939,17,17,6,6,179,28.93,46.248,0.6726190476190477,1.3743016759776536,TRUE,1
128973,12,12,6,6,111,20.513,23.64,0.7029702970297029,1.3783783783783785,FALSE,1
129130,12,12,6,6,94,26.1315,31.156,0.8214285714285714,1.2127659574468086,FALSE,1
129586,12,12,3,3,85,41.337,52.377,0.7125,1.352941176470588,TRUE,1
129914,11,11,4,3,75,39.969,41.584,0.7647058823529411,1.28,FALSE,1
130029,10,7,3,1,59,56.67,135.13,0.5862068965517241,1.6271186440677965,FALSE,1
130109,12,12,6,6,90,22.679,24.143,0.8,1.1888888888888889,FALSE,1
130130,12,8,3,3,78,21.4745,29.199,0.6027397260273972,1.5,FALSE,1
130651,8,6,4,3,59,60.721,68.084,0.7547169811320755,1.2542372881355932,FALSE,0
131051,10,10,6,6,91,36.899,42.815,0.7160493827160493,1.2527472527472527,TRUE,1
131768,7,7,6,6,116,40.621,46.931,0.5566037735849056,1.387931034482759,TRUE,1
132001,12,12,4,4,104,22.5965,27.1045,0.7448979591836735,1.2115384615384617,FALSE,1
132147,12,8,5,3,62,24.8735,31.5695,0.7321428571428571,1.2580645161290325,FALSE,0
132457,12,11,6,6,127,27.069,33.578,0.6239316239316239,1.5433070866141732,FALSE,0
132478,12,12,6,6,105,26.368,29.084,0.7684210526315789,1.238095238095238,FALSE,1
134990,12,12,6,6,89,36.68,36.683,0.9620253164556962,1.0337078651685394,FALSE,1
137531,12,12,3,3,122,30.9805,39.339,0.5517241379310345,1.286885245901639,TRUE,1
145107,10,10,5,5,82,44.7165,51.0895,0.7638888888888888,1.2317073170731707,FALSE,1
147300,13,13,5,5,136,22.918,28.0625,0.6846153846153846,1.8088235294117647,TRUE,1
147768,7,5,19,19,156,45.1815,57.906,0.6993006993006993,1.4294871794871795,FALSE,1
152186,5,3,2,1,23,10.432,14.828,0.7391304347826086,1.3043478260869563,TRUE,1
157441,12,12,5,5,91,38.584,38.586,0.8518518518518519,1.2417582417582418,FALSE,1
163130,25,22,154,152,743,53.922,63.871,0.6963636363636364,1.3257065948855988,TRUE,0
163397,12,12,4,4,89,27.575,30.88,0.7349397590361446,1.2696629213483146,FALSE,1
165202,2,0,20,17,146,57.9445,66.6265,0.2564102564102564,1.547945205479452,FALSE,0
165442,1,1,31,29,162,121.0875,133.844,0.5619047619047619,1.530864197530864,FALSE,0
165513,0,0,22,5,39,102.724,102.735,0.3928571428571429,2.4871794871794872,FALSE,0
166027,9,6,5,4,92,14.6695,20.4665,0.4186046511627907,1.4565217391304348,TRUE,0
166291,1,1,30,23,131,94.796,132.648,0.6375,1.3358778625954195,TRUE,1
166311,3,3,38,33,230,55.9055,67.002,0.7076023391812866,1.565217391304348,TRUE,1
166623,3,2,61,52,367,123.607,130.815,0.8849206349206349,1.119891008174387,TRUE,1
166820,1,0,25,18,86,93.7545,93.787,0.2982456140350877,1.4186046511627908,TRUE,0
166996,3,3,48,48,381,51.065,51.585,0.925925925925926,1.073490813648294,TRUE,1
167045,3,3,47,47,380,43.7925,47.919,0.8215613382899628,1.2236842105263157,TRUE,1
167130,2,2,31,31,162,17.927,21.41,0.2871287128712871,1.5185185185185186,TRUE,1
167940,2,2,48,48,387,28.992,31.251,0.850909090909091,1.131782945736434,FALSE,1
168019,0,0,28,23,131,93.623,100.329,0.776595744680851,1.1526717557251909,TRUE,0
168027,2,1,45,44,364,20.032,21.0495,0.841897233201581,1.0961538461538465,FALSE,0
168134,3,3,47,47,373,22.761,29.549,0.8127340823970037,1.2198391420911527,TRUE,1
168227,2,0,18,12,69,28.919,71.41,0.3392857142857143,1.8405797101449275,FALSE,0
168299,0,0,25,20,80,62.7855,72.332,0.3793103448275862,1.4375,TRUE,0
168311,2,2,48,47,382,51.072,62.566,0.8666666666666667,1.175392670157068,FALSE,1
168422,3,3,48,48,386,31.233,33.512,0.9054545454545454,1.155440414507772,TRUE,1
168456,0,0,30,24,95,82.893,91.285,0.3283582089552239,1.305263157894737,FALSE,0
168478,2,0,28,27,139,41.351,48.225,0.4482758620689655,1.3669064748201438,FALSE,0
168548,3,2,46,44,375,60.901,72.226,0.7749077490774908,1.3013333333333332,FALSE,0
168600,0,0,43,41,304,22.85,30.614,0.386046511627907,1.7072368421052633,TRUE,1
168753,3,2,48,47,377,27.551,34.599,0.6505576208178439,1.4456233421750664,TRUE,1
169059,1,0,30,27,179,43.078,48.95,0.3402061855670103,1.4916201117318435,TRUE,0
169189,3,3,48,46,376,49.4835,55.5615,0.8452830188679246,1.3643617021276595,TRUE,0
169197,0,0,46,44,320,40.433,46.422,0.39545454545454545,1.509375,TRUE,0
169302,0,0,43,39,330,37.7555,48.2355,0.2895927601809955,1.6,FALSE,0
169540,0,0,24,18,85,184.077,186.305,0.6440677966101694,1.352941176470588,FALSE,0
169586,1,1,47,46,372,55.36,71.6455,0.7628458498023716,1.3172043010752688,TRUE,1
169616,2,1,47,45,366,33.0065,36.733,0.7635658914728682,1.1666666666666667,TRUE,1
170100,3,3,43,32,187,63.324,70.319,0.6119402985074627,1.352941176470588,TRUE,0
170116,17,16,64,64,477,28.727,32.784,0.8260869565217391,1.2054507337526206,FALSE,1
170402,0,0,33,25,143,66.805,79.761,0.37623762376237624,1.6853146853146852,FALSE,1
170507,11,2,61,56,408,19.0995,27.066,0.19863013698630136,1.678921568627451,TRUE,0
170703,4,4,48,48,387,49.975,57.93,0.7890909090909091,1.2868217054263569,TRUE,1
171204,0,0,35,25,139,80.203,94.129,0.5625,1.5107913669064748,TRUE,0
171909,16,12,63,62,508,41.0795,71.1505,0.4631578947368421,1.8877952755905512,FALSE,1
172814,3,3,48,48,406,35.65,40.948,0.8041958041958042,1.1724137931034484,FALSE,1
172961,0,0,23,18,61,54.268,62.372,0.3,1.3934426229508197,TRUE,0
173446,15,12,57,55,425,38.206,48.925,0.7357859531772575,1.2752941176470587,FALSE,0
175946,4,1,56,35,311,23.578,29.301,0.5193798449612403,1.482315112540193,FALSE,1
175950,8,5,85,84,543,31.678,40.843,0.701530612244898,1.3720073664825043,TRUE,1
175971,17,11,64,64,512,30.853,40.209,0.6955380577427821,1.33984375,TRUE,0
176041,17,17,62,62,462,41.864,47.5415,0.806060606060606,1.1363636363636365,TRUE,1
176138,6,0,69,61,335,18.978,30.366,0.13793103448275862,1.5432835820895523,TRUE,0
176153,5,4,69,63,393,24.826,34.863,0.4316546762589928,1.4122137404580153,TRUE,1
176764,13,6,16,8,96,14.7155,22.387,0.3473684210526316,1.6458333333333333,FALSE,0
177021,9,6,3,0,46,34.5605,37.442,0.7111111111111111,1.3043478260869563,FALSE,0
177106,16,16,22,21,154,38.3225,41.7035,0.725925925925926,1.2467532467532467,TRUE,1
177232,8,4,73,73,479,28.85,44.359,0.33430232558139533,1.9164926931106472,FALSE,0
178315,16,14,22,21,158,22.922,32.0245,0.6444444444444445,1.360759493670886,FALSE,0
178506,3,0,21,6,56,16.7965,31.554,0.18867924528301888,2.0535714285714284,TRUE,0
181890,14,14,22,18,122,89.254,96.538,0.7476635514018691,1.2704918032786885,TRUE,1
182059,8,5,74,65,420,59.1525,68.389,0.6699029126213593,1.4761904761904765,FALSE,0
182592,4,4,7,2,25,43.55,49.579,0.72,1.32,FALSE,0
182641,13,12,22,19,115,49.445,51.585,0.797979797979798,1.2782608695652171,FALSE,1
182797,1,0,31,28,153,85.485,117.697,0.4270833333333333,1.6797385620915033,FALSE,0
183018,11,11,20,19,108,38.5225,41.728,0.776595744680851,1.2685185185185186,TRUE,0
183343,17,5,64,62,472,7.6435,13.1865,0.18895348837209305,1.4639830508474576,FALSE,0
183928,3,3,48,48,384,66.98,69.8865,0.8278388278388278,1.2161458333333333,FALSE,1
184542,5,1,33,26,171,16.062,21.699,0.5433070866141733,1.5555555555555556,TRUE,0
185351,13,10,22,21,202,25.9555,43.0085,0.4111111111111111,1.8613861386138617,TRUE,1
185415,12,12,6,6,94,27.8315,34.079,0.8214285714285714,1.297872340425532,TRUE,1
185439,8,4,72,62,391,52.277,62.346,0.5821428571428572,1.442455242966752,TRUE,0
185805,1,0,33,24,128,80.6875,95.1205,0.4382022471910113,1.484375,FALSE,0
186224,13,13,5,5,94,25.331,31.2125,0.872093023255814,1.148936170212766,TRUE,1
186237,13,13,5,5,106,44.4545,47.1655,0.7244897959183674,1.2735849056603774,TRUE,1
186559,13,13,5,5,93,25.533,26.593,0.8823529411764706,1.118279569892473,FALSE,1
186570,16,10,7,4,92,23.0625,32.8395,0.7,1.5434782608695652,TRUE,0
186613,13,11,5,5,124,35.6795,45.35,0.6434782608695652,1.2338709677419355,TRUE,1
186633,13,12,5,2,110,40.293,55.79,0.616822429906542,1.5272727272727271,TRUE,0
186691,13,12,5,5,120,26.0735,30.1945,0.6428571428571429,1.4083333333333332,FALSE,0
186713,14,13,6,5,126,18.6665,25.1775,0.5630252100840336,1.5238095238095235,TRUE,1
186799,12,12,4,4,94,33.0425,43.712,0.735632183908046,1.2872340425531914,TRUE,1
186863,13,12,5,5,112,24.357,32.5665,0.6442307692307693,1.375,FALSE,1
186953,5,2,40,37,189,38.53,60.29,0.23404255319148937,1.470899470899471,TRUE,0
186957,13,13,5,5,117,25.733,28.859,0.6422018348623854,1.2820512820512822,FALSE,1
187236,13,7,4,3,76,14.915,24.8285,0.44594594594594594,1.3552631578947367,TRUE,0
187376,12,12,3,3,87,20.43,25.627,0.7469879518072289,1.3218390804597702,TRUE,1
187472,13,13,5,5,98,27.68,28.5475,0.9325842696629212,1.0510204081632653,TRUE,1
187514,13,13,5,5,107,30,36.11,0.696969696969697,1.308411214953271,TRUE,1
187521,10,7,2,2,58,26.981,35.096,0.7454545454545455,1.1551724137931034,FALSE,1
187625,11,11,5,5,122,34.3005,45.6205,0.5929203539823009,1.4262295081967211,FALSE,1
187628,13,13,5,5,102,21.1645,23.9475,0.7659574468085106,1.4117647058823528,FALSE,1
187755,13,13,5,3,79,30.257,36.72,0.7837837837837838,1.240506329113924,TRUE,1
187787,12,12,5,5,94,41.4135,42.4325,0.7674418604651163,1.3085106382978724,TRUE,1
187799,12,12,5,5,104,40.9795,46.733,0.7872340425531915,1.25,TRUE,1
187930,14,11,6,6,153,15.142,20.68,0.4861111111111111,1.3725490196078431,TRUE,1
188044,13,12,5,5,103,37.075,39.075,0.6526315789473685,1.2524271844660193,FALSE,0
188064,13,11,4,2,87,16.596,21.808,0.7023809523809523,1.367816091954023,FALSE,0
188098,6,2,2,0,17,40.799,48.343,0.35294117647058826,1.4705882352941175,TRUE,1
188122,13,13,5,5,111,34.085,47.802,0.7647058823529411,1.2882882882882882,FALSE,1
188165,13,13,5,5,111,26.625,29.994,0.6568627450980392,1.4504504504504503,FALSE,1
188357,14,14,5,5,104,58.222,71.671,0.7684210526315789,1.4519230769230769,TRUE,1
188417,13,13,5,5,118,34.449,47.2095,0.7545454545454545,1.2203389830508475,TRUE,1
188480,13,13,5,5,105,39.357,41.505,0.7835051546391752,1.3238095238095238,TRUE,1
188514,10,10,4,4,92,38.47,43.3545,0.7411764705882353,1.3043478260869563,TRUE,1
188654,12,12,5,5,109,22.837,28.191,0.6534653465346535,1.4862385321100915,TRUE,1
188689,12,11,5,5,116,41.03,52.8795,0.6415094339622641,1.4655172413793105,TRUE,1
188712,13,13,3,2,69,30.636,32.065,0.7878787878787878,1.289855072463768,FALSE,1
188724,14,14,5,5,111,62.141,73.596,0.6893203883495146,1.3423423423423424,FALSE,1
188742,13,13,5,5,102,34.331,35.4405,0.8924731182795699,1.1274509803921569,FALSE,1
188769,12,12,3,3,92,36.1745,43.9375,0.7386363636363636,1.2826086956521738,TRUE,1
188884,13,13,4,4,104,34.593,42.278,0.6979166666666666,1.5096153846153846,TRUE,1
188961,12,12,5,5,94,23.6195,24.754,0.6785714285714286,1.2872340425531914,FALSE,1
189219,13,13,5,5,102,38.293,43.496,0.7553191489361702,1.3725490196078431,TRUE,1
189399,13,13,5,5,92,27.6405,28.4945,0.8333333333333334,1.2934782608695652,TRUE,1
189468,7,6,3,3,60,85.731,100.701,0.7142857142857143,1.3833333333333333,FALSE,1
189479,13,13,5,5,117,81.098,94.577,0.8055555555555556,1.2820512820512822,FALSE,1
189516,13,12,6,6,129,62.322,79.545,0.6218487394957983,1.496124031007752,FALSE,1
189626,11,10,3,3,74,32.7825,42.896,0.7142857142857143,1.391891891891892,FALSE,0
189714,0,0,32,29,153,126.465,141.038,0.6767676767676768,1.30718954248366,FALSE,1
189952,12,6,3,3,92,20.91,28.4095,0.5227272727272727,1.5434782608695652,TRUE,1
189986,10,8,2,1,71,22.1,37.726,0.5652173913043478,2,TRUE,1
190351,12,12,5,5,100,28.7745,33.46,0.717391304347826,1.35,FALSE,1
190534,13,13,5,5,109,34.513,39.532,0.7623762376237624,1.275229357798165,TRUE,1
190690,13,13,5,4,101,22.832,26.214,0.7526881720430108,1.316831683168317,TRUE,1
190815,13,13,5,5,103,45.873,47.388,0.7659574468085106,1.300970873786408,TRUE,1
190877,14,13,3,3,111,31.49,40.781,0.6542056074766355,1.2162162162162162,FALSE,1
190918,13,13,5,5,100,70.8045,73.7225,0.8043478260869565,1.25,FALSE,1
191073,10,10,3,3,70,35.0635,36.8835,0.8615384615384616,1.2571428571428571,FALSE,1
191293,13,13,5,5,107,43.683,52.31,0.7070707070707071,1.327102803738318,FALSE,1
191368,18,18,5,5,162,37.192,43.147,0.738562091503268,1.2407407407407407,TRUE,1
191391,13,12,5,5,130,24.0415,30.3965,0.5573770491803278,1.476923076923077,TRUE,1
191581,15,13,5,4,175,48.884,75.792,0.5847953216374269,1.377142857142857,TRUE,0
191866,11,10,5,5,89,34.742,38.675,0.7901234567901234,1.3146067415730338,TRUE,1
191938,6,3,2,2,34,33.0035,41.0745,0.6129032258064516,1.6176470588235294,TRUE,0
192007,13,13,5,5,101,34.74,40.916,0.7311827956989247,1.4455445544554455,TRUE,1
192174,10,10,5,5,99,32.976,36.205,0.6888888888888889,1.3535353535353536,TRUE,1
192331,17,14,62,57,443,25.25,32.227,0.5779816513761468,1.345372460496614,TRUE,0
192352,13,13,5,5,94,51.7515,55.682,0.8023255813953488,1.2234042553191489,FALSE,1
192618,12,12,5,5,106,22.6385,28.4575,0.6836734693877551,1.4056603773584906,TRUE,1
192743,13,12,4,4,139,34.023,39.707,0.5984848484848485,1.3669064748201438,TRUE,1
193061,13,13,5,5,91,82.688,103.509,0.8554216867469879,1.2417582417582418,FALSE,1
193212,13,12,5,5,116,51.1305,62.1225,0.6944444444444444,1.2844827586206895,FALSE,1
193229,12,12,5,5,95,50.438,56.574,0.7931034482758621,1.2105263157894737,FALSE,1
193280,9,8,4,3,90,52.331,63.9645,0.75,1.2,FALSE,1
193304,12,8,4,3,79,52.166,60.932,0.7236842105263158,1.6962025316455696,FALSE,1
193347,12,12,4,2,87,29.137,32.883,0.7738095238095238,1.2528735632183907,FALSE,1
193534,12,11,5,2,91,21.375,25.028,0.625,1.3956043956043955,FALSE,1
193544,10,7,5,4,69,35.471,41.673,0.6612903225806451,1.3188405797101448,FALSE,1
195165,12,12,3,3,81,23.878,25.973,0.8,1.1975308641975309,FALSE,1
196211,8,8,5,5,81,40.936,40.944,0.8493150684931506,1.1975308641975309,FALSE,1
197001,13,13,5,5,105,62.299,73.939,0.7835051546391752,1.2857142857142858,TRUE,1
197527,13,13,5,5,95,27.53,28.624,0.8390804597701149,1.1789473684210523,FALSE,1
198519,12,11,5,5,108,31.72,40.193,0.62,1.4259259259259258,FALSE,1
198699,13,12,5,2,88,35.217,43.1825,0.7411764705882353,1.3409090909090908,FALSE,0
199319,13,10,3,0,64,22.07,32.6585,0.6507936507936508,1.34375,TRUE,1
199516,0,0,38,33,210,50.026,52.8675,0.5109489051094891,1.2476190476190476,FALSE,1
200498,9,5,3,1,47,30.523,35.486,0.7777777777777778,1.127659574468085,TRUE,0
200834,11,11,5,5,98,49.853,53.449,0.6741573033707865,1.2959183673469388,FALSE,1
201139,13,13,3,3,74,36.062,37.3575,0.8428571428571429,1.2027027027027026,TRUE,1
201395,12,12,4,2,68,56.063,61.14,0.8833333333333333,1.1323529411764706,TRUE,1
201587,13,13,5,5,102,24.32,28.7495,0.8494623655913979,1.1666666666666667,FALSE,1
201686,10,8,3,2,80,18.844,25.1615,0.6052631578947368,1.5,TRUE,0
201841,13,12,3,2,106,30.376,37.5735,0.6407766990291263,1.5471698113207546,FALSE,0
201845,10,9,5,3,84,32.428,38.432,0.6410256410256411,1.4523809523809523,FALSE,1
202346,2,2,31,28,140,38.309,43.062,0.2391304347826087,1.55,TRUE,1
203634,10,5,35,33,255,20.934,33.691,0.18686868686868688,2.0705882352941174,FALSE,0
203903,5,3,3,2,42,31.372,38.0085,0.5277777777777778,1.5,TRUE,1
204249,13,12,3,2,68,22.133,23.7015,0.8615384615384616,1.1176470588235294,FALSE,1
206037,14,14,6,6,113,27.736,28.575,0.8737864077669902,1.1238938053097345,TRUE,1
206953,12,12,5,5,91,84.671,90.31,0.8765432098765432,1.120879120879121,TRUE,1
207691,14,14,6,6,127,25.998,29.938,0.6386554621848739,1.3937007874015748,TRUE,1
207734,14,14,5,4,92,39.1595,45.271,0.8470588235294118,1.1956521739130437,FALSE,0
208718,11,10,3,3,101,33.098,51.251,0.6632653061224489,1.5841584158415842,TRUE,1
208898,13,13,4,4,99,29.356,33.248,0.776595744680851,1.2828282828282829,TRUE,1
209497,12,12,4,4,90,54.703,57.759,0.7037037037037037,1.3888888888888888,TRUE,1
210304,10,8,3,2,53,19.377,24.334,0.6666666666666666,1.30188679245283,FALSE,0
210533,14,14,5,5,118,29.0785,33.2035,0.8,1.2627118644067796,FALSE,1
211801,11,10,2,1,40,11.8915,19.0425,0.7692307692307693,1.4,TRUE,1
213384,13,12,4,4,96,25.4405,30.1295,0.7471264367816092,1.2291666666666667,TRUE,1
213443,8,6,3,2,57,46.272,84.189,0.7037037037037037,1.5263157894736843,TRUE,1
214229,9,9,4,3,80,20.866,25.416,0.7866666666666666,1.3625,FALSE,1
215302,13,13,4,4,83,29.598,34.576,0.8421052631578947,1.3734939759036144,TRUE,1
216616,14,14,3,1,66,51.7745,60.3455,0.7903225806451613,1.2121212121212122,TRUE,1
218174,13,10,0,0,48,12.1945,14.393,0.7916666666666666,1.1875,TRUE,1
218192,12,12,5,3,92,35.9015,41.108,0.7529411764705882,1.2826086956521738,TRUE,1
218647,3,0,2,1,8,34.3825,74.418,0,1.625,TRUE,0
218790,21,20,11,8,114,19.7395,23.1755,0.8421052631578947,1.2105263157894737,FALSE,0
218798,23,20,13,12,168,23.3035,25.128,0.8154761904761905,1.3333333333333333,FALSE,1
218997,13,8,16,14,144,25.151,43.6825,0.4338235294117647,2.0833333333333335,TRUE,0
219456,25,23,14,14,173,20.171,20.277,0.7861271676300579,1.2774566473988438,TRUE,1
219542,24,24,14,13,172,16.249,17.471,0.8023255813953488,1.2325581395348837,TRUE,1
219987,25,22,14,14,184,13.9105,15.744,0.8532608695652174,1.1684782608695652,FALSE,1
220406,23,22,14,14,178,29.726,30.687,0.7808988764044944,1.2808988764044944,FALSE,1
221339,22,18,13,11,154,15.6855,21.7405,0.8116883116883117,1.2272727272727273,TRUE,0
221929,24,17,13,13,239,59.495,86.23,0.5564853556485355,1.6736401673640169,TRUE,1
223154,12,12,3,3,103,29.438,34.657,0.7040816326530612,1.3300970873786409,FALSE,1
223249,11,8,3,2,61,27.659,31.845,0.7142857142857143,1.2295081967213115,FALSE,1
223519,9,9,27,24,200,50.829,63.76,0.6821192052980133,1.38,TRUE,1
224645,6,6,2,0,31,32.049,40.678,0.7666666666666667,1.3225806451612905,TRUE,0
229657,12,12,4,4,100,40.3075,42.039,0.7608695652173914,1.36,FALSE,1
230769,13,13,4,4,102,36.4785,41.078,0.6947368421052632,1.4019607843137254,TRUE,1
231235,1,0,22,22,203,65.764,75.796,0.296875,1.541871921182266,TRUE,0
231401,21,17,13,13,158,20.303,26.951,0.5759493670886076,1.5379746835443038,FALSE,0
232234,23,21,13,13,167,27.683,29.885,0.8083832335329342,1.1796407185628743,FALSE,1
232875,9,8,7,7,109,43.227,62.33,0.6055045871559633,1.3119266055045873,FALSE,0
232878,0,0,21,21,189,150.609,210.299,0.6206896551724138,1.3597883597883598,TRUE,0
234496,0,0,11,6,54,47.53,59.222,0.28125,1.462962962962963,FALSE,0
236580,12,12,2,2,65,13.386,18.885,0.7419354838709677,1.2461538461538462,FALSE,1
237307,13,13,4,3,94,23.6325,24.7975,0.8426966292134831,1.148936170212766,TRUE,1
237999,13,11,3,3,110,27.7775,35.556,0.6792452830188679,1.3454545454545457,FALSE,1
238165,12,10,1,1,60,38.9555,41.5055,0.7758620689655172,1.3166666666666669,TRUE,1
239963,21,19,12,12,151,22.211,22.852,0.7947019867549668,1.5033112582781456,FALSE,0
240849,13,13,4,4,104,28.0175,35.924,0.7319587628865979,1.2115384615384617,FALSE,1
242190,13,13,4,4,114,27.273,29.1425,0.7641509433962265,1.2456140350877194,TRUE,1
242516,10,10,4,2,56,20.659,21.583,0.8679245283018868,1.1071428571428572,FALSE,1
243155,8,7,0,0,29,18.958,22.688,0.8620689655172413,1.137931034482759,FALSE,0
243876,13,13,4,4,95,29.841,29.848,0.8850574712643678,1.2105263157894737,FALSE,1
244653,21,21,14,14,156,20.4745,25.062,0.7756410256410257,1.4423076923076923,TRUE,1
245258,13,11,4,4,110,25.931,31.401,0.6057692307692307,1.4272727272727272,TRUE,1
245492,24,22,15,14,175,22.798,29.769,0.5828571428571429,1.5542857142857145,TRUE,0
246016,12,11,2,2,82,40.992,45.3545,0.7012987012987013,1.3414634146341462,FALSE,1
246307,12,11,2,2,75,34.685,41.776,0.8,1.2133333333333334,TRUE,0
246445,14,14,3,3,105,29.403,43.115,0.5445544554455446,1.6,TRUE,1
246731,13,13,5,5,121,28.6,31.843,0.7614678899082569,1.2727272727272727,FALSE,1
248087,12,11,33,33,237,28.61,32.701,0.6234567901234568,1.2531645569620251,FALSE,0
249921,9,9,3,2,54,35.0285,35.0315,0.8163265306122449,1.1851851851851851,FALSE,1
250241,7,2,4,0,13,295.068,204.604,0.5,1.4615384615384617,TRUE,1
250869,16,15,10,6,125,53.4,62.001,0.672,1.4,FALSE,0
250888,9,8,21,21,175,43.242,53.051,0.4695121951219512,1.8,TRUE,1
251098,9,9,21,19,160,53.169,71.0855,0.5855263157894737,1.51875,FALSE,1
251450,9,8,21,21,168,84.952,92.5885,0.7707006369426752,1.3511904761904765,FALSE,1
252081,2,0,2,1,8,183.4375,134.7135,0.5,0.875,FALSE,0
252766,5,4,2,2,27,46.574,50.705,0.8181818181818182,1.222222222222222,FALSE,0
253115,5,5,2,2,61,23.365,38.912,0.5789473684210527,1.3114754098360657,FALSE,0
253234,6,3,2,2,59,25.838,35.531,0.4444444444444444,1.5084745762711864,FALSE,0
255384,6,2,2,2,19,180.562,194.609,0.6428571428571429,1.368421052631579,TRUE,1
257221,1,1,1,0,20,63.8515,63.8635,0.5,1.25,FALSE,0
257449,3,2,3,3,32,36.5375,38.904,0.7777777777777778,1.21875,FALSE,0
258337,2,1,24,16,55,213.454,314.436,0.4444444444444444,2.2727272727272725,TRUE,0
259857,15,15,10,10,139,16.895,27.089,0.5107913669064749,1.8633093525179856,TRUE,0
260806,7,7,3,3,81,38.231,50.186,0.64,1.3209876543209875,TRUE,1
261969,4,2,2,2,25,48.034,63.249,0.7,1.24,FALSE,0
262126,7,6,1,1,43,25.341,26.38,0.7619047619047619,1.2325581395348837,FALSE,1
262319,3,1,1,1,23,60.628,61.027,0.4545454545454546,1.434782608695652,FALSE,0
262531,9,7,21,20,186,28.4625,34.582,0.6,1.5376344086021505,FALSE,0
262580,5,5,2,2,35,35.001,40.877,0.8666666666666667,1.1428571428571428,TRUE,0
262590,0,0,19,18,174,109.756,127.349,0.5405405405405406,1.442528735632184,FALSE,1
267614,2,0,0,0,4,50.232,50.237,0.75,1.25,TRUE,0
268041,6,2,2,1,34,39.0405,47.875,0.43333333333333335,1.4705882352941175,FALSE,0
270619,5,3,19,7,96,98.9145,115.929,0.651685393258427,1.4583333333333333,FALSE,0
274089,20,14,16,15,219,32.298,41.146,0.3962264150943397,1.8584474885844748,TRUE,0
276540,15,15,6,6,155,44.001,56.362,0.6394557823129252,2.0451612903225804,TRUE,1
277310,19,18,14,13,149,15.516,18.565,0.6510067114093959,1.395973154362416,FALSE,0
281389,6,3,10,4,51,23.315,39.658,0.5227272727272727,1.7058823529411764,FALSE,0
282264,5,4,2,2,54,20.6545,23.454,0.6,1.6111111111111112,FALSE,1
283559,17,10,176,160,1073,34.877,47.306,0.5403726708074534,1.53215284249767,TRUE,0
291172,6,4,9,4,70,23.8125,38.6675,0.4782608695652174,1.8571428571428572,TRUE,0
293569,5,2,1,1,25,30.862,30.953,0.64,1.28,TRUE,0
293977,7,7,21,20,160,44.1935,49.4935,0.4899328859060403,1.48125,FALSE,1
296075,4,1,15,7,61,25.083,59.202,0.1111111111111111,1.7213114754098362,TRUE,0
296410,7,7,21,19,144,44.609,58.389,0.6194029850746269,1.6458333333333333,TRUE,0
296462,12,9,36,34,300,28.8005,44.411,0.611353711790393,1.5533333333333332,FALSE,0
296550,13,12,16,13,154,39.118,70.6065,0.5533333333333333,1.8311688311688312,TRUE,0
297279,11,11,21,21,187,61.622,64.711,0.6136363636363636,1.5668449197860963,FALSE,0
297329,6,2,125,63,434,48.345,63.2135,0.5432525951557093,1.476958525345622,TRUE,1
297596,10,10,21,19,160,36.763,44.7145,0.6266666666666667,1.86875,TRUE,1
297667,6,5,1,1,35,49.298,59.788,0.8064516129032258,1.1142857142857143,TRUE,0
298760,10,10,14,11,141,38.986,48.604,0.6131386861313869,1.6950354609929077,TRUE,1
301675,17,16,17,17,201,70.247,76.696,0.764102564102564,1.3233830845771144,TRUE,1
311818,9,9,4,4,81,24.616,29.093,0.5342465753424658,1.308641975308642,FALSE,1
314066,7,7,11,8,86,59.7165,74.286,0.6744186046511628,1.3837209302325582,TRUE,0
315352,0,0,1,0,8,36.732,36.7425,1,1,FALSE,0
316272,5,4,1,0,25,11.075,14.648,0.75,1.24,TRUE,1
318449,9,9,4,4,89,43.334,47.265,0.7283950617283951,1.6179775280898876,TRUE,1
324009,9,7,2,2,77,31.41,45.312,0.5945945945945946,1.4415584415584417,TRUE,1
331129,11,8,1,1,55,21.786,28.694,0.6470588235294118,1.490909090909091,TRUE,0
336564,8,5,3,1,83,31.306,41.848,0.49382716049382713,1.5542168674698795,FALSE,0
337274,18,8,129,97,654,38.4695,51.535,0.5727482678983834,1.434250764525994,FALSE,0
340838,11,8,172,131,830,31.449,39.4845,0.6254681647940075,1.3096385542168676,FALSE,0
344379,9,7,9,9,101,30.413,32.682,0.8910891089108911,1.207920792079208,FALSE,1
349224,0,0,6,6,15,17.211,35.372,0,2.1333333333333333,FALSE,0
351421,7,7,4,4,85,24.13,32.862,0.4545454545454546,1.352941176470588,FALSE,0
355629,6,6,4,4,67,86.259,87.31,0.7333333333333333,1.4477611940298507,FALSE,1
357064,5,2,2,1,25,32.035,51.067,0.5217391304347826,1.96,FALSE,0
359693,7,7,5,5,110,60.8385,84.3705,0.4705882352941176,1.5636363636363635,FALSE,1
363202,3,2,0,0,5,10.713,10.718,0.6,2.2,FALSE,0
363752,3,2,1,1,13,72.289,121.589,0.75,1.0769230769230769,TRUE,0
366149,6,6,3,3,62,53.6045,62.885,0.875,1.129032258064516,FALSE,1
366926,5,4,0,0,21,43.314,43.317,0.6666666666666666,1,TRUE,1
366940,6,5,2,2,52,54.7725,76.316,0.673469387755102,1.5384615384615383,FALSE,1
367034,4,2,0,0,15,51.019,93.377,0.7333333333333333,1.1333333333333333,TRUE,0
367333,4,3,0,0,17,42.999,43.131,0.7058823529411765,1.2941176470588236,TRUE,1
367393,3,0,0,0,7,253.61,253.613,0.7142857142857143,1.4285714285714286,FALSE,0
367483,6,3,0,0,87,25.489,47.173,0.3448275862068966,1.6206896551724137,TRUE,0
368027,1,1,0,0,3,23.389,23.39,1,1,TRUE,0
371744,4,3,3,3,38,89.5495,92.084,0.5666666666666667,1.3947368421052633,FALSE,1
375688,4,3,0,0,17,44.295,50.839,0.8235294117647058,1.2352941176470589,TRUE,0
376886,6,6,0,0,22,60.0625,60.07,0.9090909090909092,1.0909090909090908,TRUE,1
387402,19,11,3,2,93,30.545,37.333,0.5483870967741935,1.6774193548387095,TRUE,1
387453,0,0,16,14,109,41.626,54.728,0.7471264367816092,1.2660550458715596,FALSE,0
387660,0,0,16,15,110,106.802,156.9835,0.6590909090909091,1.4727272727272729,FALSE,0
387690,0,0,12,8,82,39.5465,53.093,0.6774193548387096,1.524390243902439,TRUE,1
387708,0,0,16,15,110,81.0395,133.9345,0.5795454545454546,1.6727272727272726,TRUE,1
387718,0,0,16,14,105,75.459,110.991,0.7951807228915663,1.2285714285714286,TRUE,1
387951,0,0,14,14,110,35.134,42.004,0.5,1.5363636363636364,FALSE,0
388001,0,0,13,11,89,80.381,87.218,0.5735294117647058,1.4943820224719102,FALSE,1
390764,16,13,6,5,106,42.733,55.0035,0.5849056603773585,1.7641509433962264,TRUE,1
391028,0,0,5,3,19,117.344,117.351,0.9333333333333332,2.3157894736842106,FALSE,1
403748,37,28,17,11,314,31.54,40.6135,0.5719298245614035,1.5732484076433122,TRUE,0
404968,50,31,38,26,436,26.633,35.31,0.47593582887700536,1.4380733944954127,FALSE,1
405209,34,14,17,8,174,34.424,41.464,0.6875,1.4252873563218391,FALSE,0
405217,44,34,42,26,380,40.6835,43.477,0.8389261744966443,1.2342105263157894,TRUE,1
405233,74,50,46,32,645,52.699,71.417,0.5533807829181495,1.834108527131783,TRUE,0
405239,61,53,41,35,584,29.0295,35.4315,0.6365546218487395,1.3681506849315068,TRUE,1
405277,46,33,39,35,382,28.3085,31.459,0.7792642140468228,1.2041884816753927,TRUE,0
405704,67,49,39,29,602,36.9975,44.363,0.5528942115768463,1.5498338870431894,FALSE,0
407338,27,5,31,6,150,58.9125,83.246,0.5511811023622047,1.4666666666666668,TRUE,0
407615,5,2,8,1,14,45.1615,50.682,0.6,1.4285714285714286,FALSE,0
411185,5,5,9,8,90,56.754,69.459,0.6417910447761194,1.3888888888888888,TRUE,1
411189,5,5,8,8,78,38.1245,42.959,0.711864406779661,1.141025641025641,FALSE,1
411207,5,5,10,10,108,69.344,108.309,0.6623376623376623,1.3703703703703705,TRUE,1
411210,5,4,9,9,93,104.071,134.31,0.5735294117647058,1.4086021505376345,TRUE,0
415329,44,33,30,8,313,19.7,24.8,0.657243816254417,1.376996805111821,FALSE,0
454983,24,20,135,114,1015,38.443,44.652,0.6044098573281452,1.3399014778325122,FALSE,1
456210,23,17,111,92,877,52.647,59.272,0.6998535871156661,1.2508551881413912,FALSE,1
458538,0,0,28,13,159,100.691,105.52,0.6956521739130435,1.2389937106918238,FALSE,1
467082,0,0,26,23,102,152.037,160.3885,0.8208955223880597,1.147058823529412,FALSE,1
467483,1,0,37,18,193,73.963,89.485,0.5982142857142857,1.621761658031088,FALSE,1
470469,0,0,42,40,436,29.8365,31.5375,0.69140625,1.298165137614679,FALSE,1
470544,1,1,45,45,478,45.399,52.5915,0.6210526315789474,1.288702928870293,TRUE,1
470670,0,0,48,46,489,27.604,34.791,0.615916955017301,1.4233128834355828,TRUE,1
470763,0,0,16,7,80,23.6465,36.2105,0.21568627450980393,1.925,TRUE,0
470888,0,0,32,18,132,63.1765,74.5425,0.325,1.7272727272727273,FALSE,0
478349,1,0,47,41,407,51.679,64.75,0.5892116182572614,1.434889434889435,TRUE,1
481515,0,0,14,14,269,34.272,38.145,0.8316831683168316,1.1486988847583643,TRUE,1
483399,1,1,29,24,104,38.079,47.6095,0.47297297297297297,1.5096153846153846,TRUE,1
484486,1,1,49,44,459,74.995,108.909,0.4204946996466431,1.775599128540305,TRUE,0
484798,0,0,35,23,287,49.61,67.419,0.6497175141242938,1.5853658536585369,FALSE,0
484818,3,1,26,0,21,103.144,103.254,0.6666666666666666,1.238095238095238,TRUE,0
484824,0,0,48,48,505,49.903,76.627,0.3333333333333333,1.9089108910891088,TRUE,0
484887,0,0,44,41,410,86.0355,102.5145,0.5991735537190083,1.4195121951219511,FALSE,1
485104,0,0,13,3,21,144.499,153.137,0.5714285714285714,1.0952380952380951,TRUE,0
487381,3,2,38,38,362,62.691,67.9795,0.7880184331797235,1.171270718232044,TRUE,1
487470,3,3,38,38,358,58.9865,74.487,0.5211267605633803,1.5251396648044693,TRUE,1
488388,0,0,14,14,269,26.016,28.528,0.8415841584158416,1.1486988847583643,TRUE,1
488818,4,3,38,38,370,79.12,90.718,0.5900900900900901,1.4432432432432432,TRUE,1
488821,5,5,38,38,380,48.4185,52.5995,0.896551724137931,1.1052631578947367,TRUE,1
488848,3,3,37,36,352,36.1205,40.055,0.6267281105990783,1.2982954545454546,FALSE,1
488859,5,5,38,38,395,52.286,59.354,0.611336032388664,1.5037974683544304,FALSE,0
488882,6,6,39,38,408,64.9055,77.405,0.6884615384615385,1.3455882352941175,TRUE,1
488885,4,4,39,39,387,103.064,107.459,0.7310924369747899,1.268733850129199,FALSE,1
488888,5,5,38,38,381,60.109,61.077,0.8927038626609443,1.089238845144357,FALSE,1
488899,5,5,38,38,372,81.6845,103.505,0.6339285714285714,1.381720430107527,TRUE,1
488901,5,4,38,38,387,64.43,81.91,0.5313807531380753,1.44702842377261,TRUE,1
489029,5,3,37,35,353,32.631,41.67,0.423963133640553,1.640226628895184,TRUE,0
490271,5,5,37,37,350,56.8905,65.281,0.7440758293838863,1.302857142857143,TRUE,1
493975,1,1,19,16,84,120.227,126.47,0.6721311475409836,1.2976190476190477,TRUE,1
495408,3,3,38,37,365,83.711,97.091,0.7954545454545454,1.2410958904109588,FALSE,1
495455,3,3,38,38,364,72.0375,78.232,0.6940639269406392,1.2994505494505495,FALSE,0
495929,1,1,66,63,602,24.8115,26.2735,0.8084632516703786,1.2242524916943522,TRUE,1
495931,0,0,57,53,522,33.108,35.127,0.8293963254593176,1.1724137931034484,TRUE,1
495965,1,1,64,63,599,29.005,31.537,0.7780269058295964,1.220367278797997,FALSE,1
495978,0,0,49,47,417,25.517,27.126,0.7755775577557755,1.2685851318944843,TRUE,1
495989,0,0,64,63,588,27.1585,29.877,0.8665158371040724,1.1819727891156464,FALSE,1
496113,1,1,20,12,73,32.454,45.3,0.4909090909090909,1.7123287671232876,FALSE,1
496260,0,0,19,19,111,34.728,40.966,0.5316455696202531,1.4414414414414414,FALSE,1
496421,0,0,20,19,102,44.6015,54.2365,0.6527777777777778,1.4509803921568627,FALSE,1
496461,0,0,20,18,99,60.396,62.877,0.7142857142857143,1.2727272727272727,TRUE,1
496875,0,0,21,21,118,45.048,47.0045,0.6626506024096386,1.2796610169491525,TRUE,1
497035,0,0,19,19,105,50.991,57.099,0.4473684210526316,1.4,TRUE,1
497073,0,0,18,15,85,37.407,47.212,0.5892857142857143,1.3294117647058823,FALSE,0
497148,0,0,56,55,486,27.438,31.569,0.8081081081081081,1.2304526748971194,TRUE,1
497376,0,0,65,60,568,40.678,42.85,0.8079625292740047,1.2059859154929575,FALSE,1
497480,1,1,21,21,111,73.084,77.148,0.7692307692307693,1.3243243243243243,FALSE,1
497663,2,0,63,36,295,60.892,66.348,0.6683673469387755,1.152542372881356,TRUE,0
497749,2,1,68,44,391,59.887,70.183,0.6743295019157088,1.319693094629156,FALSE,0
499923,4,4,18,17,95,92.348,97.25,0.6666666666666666,1.5473684210526315,FALSE,1
500099,2,2,52,51,376,16.8265,18.3735,0.7210144927536232,1.2686170212765957,TRUE,1
500169,0,0,18,16,79,65.421,84.924,0.6727272727272727,1.4050632911392404,FALSE,1
500997,14,13,3,3,147,54.259,70.124,0.5374149659863946,1.673469387755102,TRUE,1
501713,10,4,3,3,101,13.34,29.687,0.34375,2.0495049504950495,FALSE,0
501724,14,13,3,3,97,24.335,28.843,0.6288659793814433,1.4948453608247425,TRUE,1
501856,14,12,3,3,110,38.329,46.7745,0.6090909090909091,1.5363636363636364,TRUE,1
501860,7,3,3,3,51,41.572,52.41,0.4705882352941176,1.843137254901961,TRUE,0
501874,3,2,16,13,71,48.274,58.304,0.3684210526315789,1.8028169014084507,FALSE,1
502065,4,4,37,37,360,54.943,65.498,0.589041095890411,1.363888888888889,FALSE,0
502071,1,1,15,11,79,57.923,59.381,0.8297872340425532,1.0759493670886076,TRUE,1
502076,1,1,19,15,118,50.1965,59.619,0.5,1.4491525423728815,FALSE,1
502189,10,10,1,1,95,29.58,36.55,0.5604395604395604,1.873684210526316,TRUE,1
502221,10,9,1,1,65,51.739,63.528,0.6557377049180327,1.6,TRUE,1
502226,10,9,1,1,119,30.881,35.067,0.4782608695652174,2,FALSE,1
503640,0,0,14,11,73,52.516,58.047,0.6727272727272727,1.4383561643835616,FALSE,1
503823,9,9,1,1,59,20.211,22.587,0.8,1.271186440677966,FALSE,1
503835,13,10,4,3,55,30.379,30.392,0.8181818181818182,1.290909090909091,TRUE,1
503843,14,8,4,4,75,37.74,42.105,0.5571428571428572,1.7466666666666666,TRUE,0
503850,14,14,3,3,88,120.8415,125.3325,0.7386363636363636,1.3977272727272727,FALSE,1
503868,14,14,4,4,165,34.154,39.46,0.5515151515151515,1.5757575757575757,FALSE,1
503899,14,13,3,3,104,51.5945,58.29,0.5865384615384616,1.6923076923076923,FALSE,0
503959,8,8,1,1,48,37.063,41.4045,0.7954545454545454,1.25,FALSE,1
503973,10,10,1,1,78,18.07,21.101,0.6486486486486487,1.448717948717949,TRUE,1
503980,9,8,1,1,50,24.96,26.3205,0.625,1.86,FALSE,0
503992,8,7,1,1,65,48.038,64.149,0.6065573770491803,1.7384615384615385,TRUE,1
504008,8,8,1,1,40,41.444,46.0985,0.8,1.275,FALSE,1
504011,9,9,1,1,50,24.9405,27.7535,0.8695652173913043,1.12,FALSE,1
505008,5,4,38,38,386,28.884,40.307,0.47478991596638653,1.5181347150259068,FALSE,0
505444,5,5,38,38,360,36.116,38.0715,0.916279069767442,1.0694444444444444,FALSE,1
505445,4,4,38,37,372,35.951,42.2745,0.5782608695652174,1.3306451612903225,FALSE,1
505448,0,0,1,1,3,252.452,252.478,0.6318251583875957,1,FALSE,0
505509,5,4,38,38,360,41.2205,43.2755,0.5069767441860465,1.35,FALSE,1
505529,3,3,27,19,187,88.818,114.968,0.6695652173913044,1.4919786096256684,FALSE,0
505537,4,2,38,35,411,74.503,81.286,0.852,1.1143552311435525,FALSE,1
505608,4,3,37,37,328,56.0535,60.619,0.546875,1.396341463414634,FALSE,1
505609,4,1,38,37,389,43.934,52.834,0.45041322314049587,1.455012853470437,FALSE,1
505849,0,0,1,0,4,414.995,415.049,1,1,TRUE,0
506004,3,3,57,57,436,54.806,62.619,0.5127388535031847,1.4013761467889907,FALSE,0
506047,1,1,9,9,64,32.8745,35.1315,0.37735849056603776,1.28125,FALSE,1
506157,3,2,55,51,391,33.258,51.403,0.4742268041237113,1.8516624040920715,TRUE,0
506268,0,0,10,8,50,42.3355,45.001,0.5952380952380952,1.14,TRUE,1
506349,3,3,54,48,354,19.252,26.457,0.34765625,1.6751412429378532,TRUE,0
506460,0,0,9,9,53,41.081,41.088,0.5952380952380952,1.0566037735849056,TRUE,0
506461,3,3,53,30,247,107.086,130.407,0.546448087431694,1.4736842105263157,FALSE,0
506564,5,4,38,38,386,90.803,100.9585,0.6723404255319149,1.3575129533678756,TRUE,1
506578,15,15,3,3,206,24.7135,31.426,0.5194174757281553,1.5145631067961165,TRUE,1
506731,2,2,52,40,349,25.915,38.696,0.3522727272727273,1.7335243553008597,TRUE,0
507225,2,1,52,49,384,22.6495,28.0645,0.2791519434628975,1.671875,FALSE,0
507815,10,10,1,1,57,18.73,19.818,0.7924528301886793,1.263157894736842,FALSE,1
507830,14,13,4,4,177,17.41,23.949,0.46511627906976744,1.7796610169491525,FALSE,1
507831,12,1,1,1,115,26.009,47.167,0.1391304347826087,2.234782608695652,FALSE,0
507835,13,13,3,3,94,36.65,37.42,0.7659574468085106,1.2340425531914894,FALSE,1
507840,15,15,4,4,111,21.579,28.111,0.6576576576576577,1.6396396396396395,FALSE,1
507849,12,10,3,3,115,30.737,54.705,0.5217391304347826,1.8782608695652177,FALSE,1
507850,14,14,3,3,120,59.0295,75.557,0.575,1.6333333333333333,FALSE,1
507854,15,13,4,4,245,16.755,22.148,0.44081632653061226,1.6816326530612244,TRUE,1
507866,14,11,3,3,142,18.4695,26.748,0.39436619718309857,2.3732394366197185,TRUE,1
507876,14,14,4,4,96,31.563,42.571,0.6923076923076923,1.2604166666666667,TRUE,1
508033,9,9,1,0,60,48.368,66.3115,0.5833333333333334,1.8666666666666667,TRUE,1
508035,10,10,1,1,146,45.426,54.5065,0.34507042253521125,2.041095890410959,FALSE,1
508062,7,6,1,1,40,30.207,32.254,0.75,2,TRUE,1
508064,9,8,1,1,81,32.606,49.225,0.5974025974025974,1.691358024691358,FALSE,1
508095,9,9,1,1,60,45.2995,58.257,0.6964285714285714,1.4333333333333331,FALSE,1
508165,10,10,1,1,68,48.1865,60.7755,0.703125,1.6176470588235294,FALSE,1
508252,9,9,1,1,73,49.074,62.083,0.6231884057971014,1.589041095890411,FALSE,1
510109,8,3,71,50,384,88.042,94.5015,0.3797909407665505,1.2447916666666667,TRUE,0
510140,8,5,97,88,563,76.556,80.284,0.590778097982709,1.182948490230906,FALSE,1
510146,10,8,95,92,854,66.4245,73.0355,0.7685512367491166,1.1873536299765808,FALSE,1
510155,11,10,97,94,858,83.57,93.65,0.691358024691358,1.2610722610722611,FALSE,1
512468,3,1,36,22,169,43.528,51.439,0.4857142857142857,1.4497041420118344,TRUE,0
513864,3,0,49,25,204,57.5225,100.5915,0.36477987421383645,2.1323529411764706,FALSE,0
514008,2,2,50,50,370,56.976,64.24,0.8602941176470589,1.1405405405405404,TRUE,1
514018,1,1,32,13,92,36.331,48.4865,0.32432432432432434,1.7717391304347827,FALSE,0
514238,2,2,54,50,365,11.149,13.301,0.7627737226277372,1.2575342465753423,TRUE,1
515839,1,1,36,23,169,72.486,112.422,0.2916666666666667,1.804733727810651,FALSE,0
517407,0,0,24,23,96,46.2185,48.275,0.453125,1.9583333333333333,TRUE,0
517411,2,2,25,24,100,252.939,278.894,0.7727272727272727,1.19,TRUE,1
522213,1,0,37,18,136,29.423,40.035,0.25,1.4705882352941175,FALSE,0
523177,0,0,23,20,79,80.16,93.686,0.3148148148148148,1.4556962025316456,FALSE,0
528831,1,0,23,21,89,85.807,86.838,0.3709677419354839,1.7640449438202248,TRUE,0
528910,0,0,7,6,58,27.374,28.112,0.4375,1.2758620689655171,TRUE,0
529455,2,0,28,11,64,43.6385,67.2975,0.17307692307692307,1.734375,TRUE,0
529974,3,2,23,16,87,96.488,113.673,0.5606060606060606,1.7126436781609196,FALSE,1
529985,3,3,27,26,141,110.83,127.76,0.6542056074766355,1.375886524822695,FALSE,0
540962,3,3,57,56,441,27.034,30.057,0.7070063694267515,1.2607709750566891,FALSE,0
541017,1,1,52,45,361,25.68,33.589,0.5542635658914729,1.4626038781163435,FALSE,0
541312,2,2,56,53,412,24.052,37.8735,0.4983164983164983,1.7669902912621358,TRUE,0
541674,2,1,55,50,387,26.68,40.343,0.4078014184397163,1.6976744186046513,FALSE,0
541722,1,1,55,54,419,40.124,48.589,0.5472972972972973,1.4463007159904535,TRUE,1
542212,2,1,65,61,308,66.0965,83.9485,0.7128712871287128,1.551948051948052,FALSE,1
542302,3,2,27,9,110,30.953,49.142,0.34523809523809523,1.5181818181818183,FALSE,0
561585,34,32,190,189,1433,138.348,159.038,0.7579617834394905,1.2903000697836706,FALSE,1
561629,15,10,162,130,923,100.335,109.139,0.6724738675958188,1.218851570964247,TRUE,0
561725,22,9,163,116,879,86.702,92.918,0.6198934280639432,1.2650739476678043,FALSE,0
562099,33,33,100,92,1119,46.811,55.443,0.7122015915119363,1.2394995531724755,TRUE,1
562123,29,11,94,86,916,40.425,47.3225,0.6421404682274248,1.323144104803493,FALSE,0
562371,29,21,110,81,771,96.926,117.672,0.5636704119850188,1.5188067444876785,TRUE,0
562403,32,9,186,182,1301,20.948,28.418,0.3819951338199513,1.405073020753267,TRUE,0
574340,11,0,143,96,643,43.224,52.394,0.2995049504950495,1.3561430793157077,TRUE,0
575014,26,19,102,87,1020,54.881,56.485,0.8623853211009175,1.1411764705882352,FALSE,0
575060,32,29,77,74,1123,56.97,69.034,0.5615577889447236,1.3544078361531613,TRUE,1
575105,33,27,106,105,1395,39.229,46.294,0.5435222672064778,1.429390681003584,TRUE,0
577407,0,0,0,0,0,414.995,415.049,1,1,TRUE,0
579491,25,19,99,81,1080,36.994,43.5015,0.5480769230769231,1.35,TRUE,1
582173,20,18,194,179,1327,36.333,43.939,0.5817142857142857,1.349660889223813,FALSE,0
597235,7,7,33,28,415,35.995,50.024,0.6811145510835913,1.4433734939759035,TRUE,1
597245,11,11,33,30,439,43.984,48.543,0.8063583815028902,1.2323462414578588,FALSE,1
597267,9,9,33,30,426,52.0275,58.6255,0.7831325301204819,1.3568075117370892,TRUE,1
597272,7,7,35,32,455,32.879,38.48,0.7342857142857143,1.2901098901098902,FALSE,1
597273,4,4,33,29,417,52.425,62.053,0.8107255520504731,1.184652278177458,FALSE,0
598880,7,4,131,104,656,49.6505,59.6215,0.5612009237875288,1.3643292682926829,TRUE,0
602562,3,3,6,6,123,13.29,17.366,0.5368421052631579,1.6504065040650406,TRUE,1
606909,3,3,8,8,103,19.765,31.638,0.3181818181818182,1.9902912621359223,FALSE,0
607355,3,3,7,7,69,19.103,28.813,0.5,1.826086956521739,TRUE,0
609299,5,3,6,5,72,16.508,22.3715,0.5833333333333334,1.527777777777778,FALSE,0
609701,4,4,8,8,75,37.019,47.579,0.5833333333333334,1.5333333333333332,FALSE,0
611844,3,3,10,10,98,53.5325,77.8485,0.5616438356164384,1.5408163265306123,TRUE,1
612522,4,4,6,6,94,35.4645,51.159,0.4861111111111111,2.1595744680851063,TRUE,0
613304,2,2,48,43,347,28.087,48,0.3726235741444867,1.9221902017291064,FALSE,0
617804,4,4,6,6,77,27.989,31.386,0.59375,2.025974025974026,TRUE,0
618266,1,1,15,14,90,28.3945,32.543,0.5,1.477777777777778,FALSE,1
621537,3,3,6,6,66,26.19,39.908,0.37735849056603776,1.8636363636363635,TRUE,1
625632,4,3,8,8,92,26.659,40.1525,0.6103896103896104,1.641304347826087,TRUE,1
626316,3,3,11,11,114,50.8445,55.105,0.7228915662650602,1.3245614035087718,TRUE,1
626969,3,3,12,12,108,42.907,48.022,0.7901234567901234,1.3333333333333333,TRUE,0
631943,3,3,10,10,105,41.216,50.235,0.5733333333333334,1.5714285714285714,TRUE,1
636503,4,3,8,8,103,28.393,35.849,0.4556962025316456,1.5533980582524272,TRUE,0
637715,5,5,7,6,85,28.464,55.221,0.6176470588235294,1.5882352941176472,FALSE,0
638605,5,5,7,7,79,58.428,98.878,0.5692307692307692,1.6455696202531649,TRUE,0
641838,2,2,10,10,91,61.651,82.23,0.5909090909090909,1.5714285714285714,TRUE,0
642806,4,3,5,5,71,29.122,35.412,0.423728813559322,1.6619718309859155,FALSE,1
656969,13,12,15,14,241,24.029,33.54,0.6363636363636364,1.4066390041493777,TRUE,1
657684,11,6,18,17,191,31.672,44.493,0.5126582278481012,1.4083769633507852,FALSE,0
658591,1,0,20,18,148,46.544,53.5345,0.4854368932038835,1.2297297297297296,FALSE,0
658823,2,0,3,3,31,30.377,31.392,0.5833333333333334,2.5483870967741935,FALSE,0
658899,5,4,11,10,69,42.414,49.792,0.68,1.5072463768115942,TRUE,1
658917,5,2,13,8,60,78.602,98.76,0.5348837209302325,1.4833333333333334,TRUE,0
659004,7,3,9,8,60,67.5835,77.601,0.6808510638297872,1.3833333333333333,FALSE,0
664329,10,4,19,19,269,16.411,23.924,0.3409090909090909,1.7360594795539033,TRUE,0
664458,2,2,8,8,73,34.684,40.734,0.4827586206896552,1.6164383561643836,TRUE,0
664842,4,3,15,7,55,27.138,31.791,0.7555555555555555,1.309090909090909,FALSE,0
666350,4,4,6,6,74,51.3365,57.75,0.7192982456140351,1.3108108108108107,FALSE,1
667600,4,3,6,6,65,31.44,41.983,0.6730769230769231,1.3846153846153846,FALSE,0
674199,0,0,8,4,19,67.578,85.23,0.5384615384615384,1.736842105263158,FALSE,0
675660,0,0,9,9,98,23.845,27.6035,0.5846153846153846,1.2653061224489797,FALSE,1
675683,0,0,10,7,65,30.606,31.425,0.8,1.0769230769230769,TRUE,0
675687,0,0,5,3,14,27.628,40.744,0.6,1.2857142857142858,FALSE,0
675693,0,0,5,5,23,35.186,39.318,0.7647058823529411,1.173913043478261,TRUE,1
675702,0,0,11,9,101,65.952,86.374,0.5806451612903226,1.3465346534653464,FALSE,0
675722,0,0,7,4,22,32.843,36.388,0.6470588235294118,1.2727272727272727,TRUE,0
703479,0,0,9,5,48,23.167,29.8535,0.6363636363636364,1.125,TRUE,1
725922,17,17,7,7,122,19.5805,23.1115,0.8666666666666667,1.2049180327868851,FALSE,1
726029,29,20,7,4,255,20.888,32.85,0.4426229508196721,1.6627450980392158,FALSE,0
738587,16,13,17,17,184,28.0825,32.7815,0.7933884297520661,1.190217391304348,FALSE,1
739482,16,11,18,7,114,34.042,43.0835,0.6732673267326733,1.368421052631579,FALSE,0
739486,15,14,19,19,203,38.004,46.462,0.7111111111111111,1.2266009852216748,FALSE,1
739522,15,13,19,11,182,60.193,61.897,0.6616541353383458,1.3186813186813189,FALSE,1
739546,13,13,19,17,177,59.765,83.552,0.7876106194690266,1.4124293785310733,TRUE,1
739547,15,14,19,11,131,27.679,29.311,0.8387096774193549,1.1374045801526718,TRUE,0
741113,4,4,0,0,39,54.476,80.97,0.41025641025641024,2.5128205128205128,FALSE,1
741198,3,3,0,0,10,43.1165,43.1275,0.9,1.1,FALSE,0
741400,3,3,0,0,13,58.651,80.989,0.6923076923076923,1.2307692307692308,FALSE,1
743035,12,11,18,18,157,43.577,48.462,0.8279569892473119,1.1464968152866242,FALSE,0
743050,16,13,19,19,249,61.578,78.067,0.5082872928176796,1.4176706827309238,FALSE,0
743052,15,15,19,17,186,37.936,40.005,0.8166666666666667,1.1451612903225803,FALSE,1
743070,9,6,13,4,140,43.004,68.2115,0.4180327868852459,1.707142857142857,TRUE,0
743999,2,2,25,23,164,27.1255,31.74,0.6336633663366337,1.2926829268292683,TRUE,1
744050,3,3,0,0,10,152.35,152.357,0.9,1,TRUE,1
746237,4,4,0,0,20,23.5475,23.5535,0.65,1.55,TRUE,1
746308,4,4,0,0,29,41.644,84.477,0.5172413793103449,2,FALSE,1
748291,8,8,68,62,276,31.2035,36.9815,0.7219512195121951,1.3369565217391304,FALSE,1
748527,2,1,0,0,6,19.2445,19.2515,0.8333333333333334,1.1666666666666667,TRUE,0
749886,8,1,47,37,202,32.712,43.161,0.4759036144578313,1.698019801980198,FALSE,0
750576,3,3,17,16,112,44.3605,52.2585,0.6986301369863014,1.2321428571428572,TRUE,1
750956,4,3,23,18,95,70.842,91.784,0.6086956521739131,1.463157894736842,FALSE,0
751324,0,0,3,3,14,18.2615,28.775,0.7,1.2857142857142858,TRUE,1
751407,0,0,3,1,9,9.668,59.951,0.375,2.111111111111111,TRUE,0
751413,0,0,4,4,20,23.488,42.8005,0.625,1.45,TRUE,1
751553,0,0,4,4,20,37.072,43.448,0.6875,1.3,TRUE,0
751648,0,0,4,4,20,19.897,24.52,0.75,1.25,FALSE,1
752060,9,6,49,45,215,41.065,46.353,0.7225806451612903,1.330232558139535,FALSE,0
752389,3,3,5,5,63,20.742,30.807,0.6595744680851063,1.3968253968253967,FALSE,1
752391,3,3,5,5,56,25.283,27.713,0.875,1.1071428571428572,TRUE,1
752392,3,3,5,5,62,41.288,55.2595,0.4130434782608696,1.935483870967742,FALSE,0
752395,3,3,5,5,56,34.774,37.362,0.875,1.0714285714285714,FALSE,1
752416,3,3,5,5,59,39.973,47.781,0.7441860465116279,1.305084745762712,FALSE,1
752427,1,1,4,4,19,11.179,12.874,0.7894736842105263,1.5789473684210529,FALSE,1
752442,1,1,4,4,15,80.623,80.644,0.9333333333333332,1.0666666666666669,FALSE,1
752449,0,0,4,4,12,26.774,33.5565,0.3333333333333333,1.75,TRUE,0
752453,1,0,4,4,16,67.208,70.081,0.625,1.625,TRUE,1
752466,1,1,3,3,18,37.065,51.157,0.5,1.777777777777778,FALSE,0
752527,1,0,4,4,12,25.943,28.085,0.5,1.75,FALSE,0
752592,7,2,59,48,174,54.489,74.2905,0.424,1.764367816091954,TRUE,0
752976,1,1,1,1,17,29.696,38.424,0.5555555555555556,1.4705882352941175,FALSE,0
753949,9,0,54,38,182,23.7395,33.6235,0.4626865671641791,1.5604395604395604,FALSE,0
754427,9,2,71,64,303,23.691,52.445,0.4043478260869565,1.7161716171617163,FALSE,0
756537,4,3,14,9,59,53.797,74.218,0.5777777777777777,1.6101694915254237,FALSE,0
756564,7,4,12,11,79,22.49,36.408,0.6779661016949152,1.4050632911392404,TRUE,0
758954,9,9,68,63,278,51.8255,56.8935,0.7971014492753623,1.345323741007194,FALSE,0
759465,5,3,9,7,47,24.297,27.612,0.7380952380952381,1.4042553191489362,FALSE,0
760931,9,1,52,44,269,7.817,12.603,0.17937219730941703,1.37546468401487,FALSE,0
762929,9,7,71,70,281,45.656,49.208,0.87,1.1459074733096084,TRUE,1
766019,5,5,18,18,139,25.913,27.342,0.6074766355140186,1.460431654676259,TRUE,1
768864,3,3,6,6,57,33.661,36.665,0.8043478260869565,1.2105263157894737,FALSE,1
768870,3,3,6,6,56,20.268,27.015,0.7111111111111111,1.4107142857142858,FALSE,1
768888,3,3,5,5,44,14.24,16.3185,0.8,1.2727272727272727,TRUE,1
768894,3,3,6,6,54,24.011,28.1285,0.7906976744186046,1.222222222222222,FALSE,1
768899,3,3,6,6,55,25.777,33.776,0.7272727272727273,1.2727272727272727,FALSE,1
770402,6,4,26,25,183,39.155,45.875,0.6484375,1.3224043715846996,FALSE,0
775661,1,1,4,4,20,26.301,34.469,0.8,1.3,FALSE,1
776794,8,3,0,0,34,21.5305,57.901,0.3235294117647059,1.7647058823529411,FALSE,0
777650,49,41,0,0,251,32.648,37.951,0.7091633466135459,1.406374501992032,TRUE,0
778259,54,43,0,0,467,20.3,30.413,0.5160599571734475,1.7002141327623126,FALSE,0
778261,31,14,0,0,194,17.0675,30.357,0.443298969072165,2.036082474226804,TRUE,0
778275,31,14,0,0,116,61.4255,81.7905,0.4827586206896552,1.6551724137931034,TRUE,0
778318,53,39,0,0,216,82.385,99.7575,0.7222222222222222,1.375,FALSE,0
779661,4,2,11,6,50,47.8125,55.055,0.6046511627906976,1.78,TRUE,0
781585,29,23,1,0,194,32.877,47.632,0.6436170212765957,1.556701030927835,FALSE,1
781616,53,52,0,0,252,31.3635,34.627,0.8286852589641435,1.3571428571428572,TRUE,1
781649,36,35,1,0,179,33.266,39.894,0.8304093567251462,1.3966480446927374,TRUE,1
782227,1,1,4,4,17,18.416,18.421,0.8823529411764706,1.1176470588235294,FALSE,1
782802,1,1,3,3,14,51.477,51.4835,0.8571428571428571,1.1428571428571428,TRUE,1
784374,1,1,2,2,15,13.771,16.517,0.8,1.4,TRUE,0
784424,9,6,66,63,276,36.9995,44.818,0.6262135922330098,1.644927536231884,FALSE,0
786005,7,6,50,41,187,27.028,36.692,0.697986577181208,1.2780748663101604,FALSE,0
786434,25,20,1,1,154,35.1275,44.975,0.6402877697841727,1.6233766233766234,FALSE,1
792619,2,1,15,13,56,37.6495,49.6585,0.4186046511627907,1.6071428571428572,FALSE,0
796566,11,4,16,11,182,31.9035,50.88,0.4516129032258064,1.6978021978021978,FALSE,0
799057,2,2,14,13,105,35.685,53.614,0.6666666666666666,1.419047619047619,FALSE,1
802392,9,5,33,31,177,25.169,37.827,0.4084507042253521,2.0225988700564974,FALSE,0
810205,13,12,1,1,90,63.724,57.936,0.6741573033707865,1.1777777777777778,FALSE,1
811475,5,0,10,8,87,18.694,43.158,0.2463768115942029,1.6896551724137931,TRUE,0
811526,1,0,10,9,38,31.664,41.792,0.28,1.631578947368421,TRUE,0
812535,4,3,9,6,72,41.657,58.7975,0.4642857142857143,1.6805555555555556,FALSE,0
813249,7,1,14,7,97,44.175,68.558,0.40963855421686746,1.7216494845360826,FALSE,0
814442,7,4,12,8,95,31.386,44.244,0.4430379746835443,1.6210526315789473,TRUE,0
814462,6,5,8,7,55,72.267,84.706,0.6511627906976745,1.509090909090909,TRUE,1
820431,1,1,6,4,50,20.5955,20.824,0.8666666666666667,1.1,TRUE,0
822520,3,1,16,14,106,28.5805,39.1605,0.41414141414141414,1.7830188679245282,TRUE,0
822576,4,3,16,15,116,63,73.1555,0.6880733944954128,1.2758620689655171,TRUE,1
826514,5,4,9,5,57,33.785,38.823,0.5106382978723404,1.6666666666666667,FALSE,0
845767,2,2,7,5,39,22.879,28.582,0.36666666666666664,1.5384615384615383,FALSE,0
848192,1,1,8,2,16,105.4865,116.891,0.5625,1.625,TRUE,0
853658,4,2,12,7,57,18.286,35.181,0.42,1.824561403508772,TRUE,0
858918,1,1,46,43,423,28.009,31.628,0.8151515151515152,1.25531914893617,FALSE,1
858922,0,0,46,44,436,44.9805,50.8535,0.7434402332361516,1.3555045871559632,FALSE,1
867325,23,15,0,0,159,20.278,27.449,0.5345911949685535,1.8176100628930816,TRUE,0
867358,18,11,0,0,90,30.9345,55.3595,0.5666666666666667,1.9666666666666668,TRUE,0
886227,0,0,50,45,435,26.168,28.859,0.8633540372670807,1.1195402298850574,FALSE,1
886228,0,0,50,47,437,37.962,39.691,0.8773006134969326,1.148741418764302,FALSE,1
887311,0,0,50,37,341,30.2,36.999,0.6377952755905512,1.3284457478005864,TRUE,0
889188,9,8,0,0,108,31.796,42.087,0.5740740740740741,1.4814814814814814,TRUE,1
889189,9,8,0,0,86,49.4535,58.6815,0.7209302325581395,1.2209302325581397,TRUE,1
889193,9,9,0,0,59,32.312,38.714,0.7457627118644068,1.305084745762712,TRUE,1
890945,9,9,0,0,80,46.8895,60.165,0.725,1.4375,FALSE,1
898855,3,3,9,7,58,80.0365,95.9575,0.5384615384615384,1.362068965517241,TRUE,1
966153,2,0,6,2,27,55.346,58.84,0.7058823529411765,1.4444444444444444,FALSE,0
966160,1,0,5,2,24,46.4875,63.673,0.4444444444444444,1.6666666666666667,TRUE,0
967157,3,0,5,4,21,37.149,87.477,0.47368421052631576,1.9047619047619049,TRUE,0
967160,3,2,5,5,98,21.855,27.9375,0.6590909090909091,1.826530612244898,TRUE,1
967161,4,3,6,4,58,52.6015,62.5595,0.5,1.4482758620689655,TRUE,0
967165,3,1,6,6,102,17.315,26.6495,0.5,1.843137254901961,TRUE,0
967181,18,9,26,11,176,47.7245,55.758,0.5949367088607594,1.6534090909090908,FALSE,0
970263,0,0,7,7,38,54.1145,59.576,0.6666666666666666,1.263157894736842,FALSE,1
980640,13,12,1,1,92,48.482,60.1275,0.6703296703296703,1.5543478260869563,FALSE,1
996541,2,2,13,5,65,22.318,28.447,0.2962962962962963,1.6,FALSE,0
1005308,3,2,4,0,20,140.032,140.039,0.5882352941176471,1.1,TRUE,0
1005507,10,10,0,0,60,19.7995,24.522,0.8,1.0166666666666666,TRUE,1
1005547,4,2,0,0,8,27.22,27.2235,0.75,1.5,TRUE,0
1005550,9,7,0,0,32,13.997,16.327,0.75,1.375,TRUE,1
1005751,11,5,0,0,40,11.877,18.9775,0.75,1.325,TRUE,1
1005759,21,17,0,0,119,22.767,32.673,0.7058823529411765,1.3445378151260503,FALSE,0
1005861,20,20,0,0,90,14.842,17.2005,0.7888888888888889,1.2,TRUE,1
1006756,17,11,0,0,131,20.79,28.771,0.5801526717557252,1.4198473282442747,TRUE,0
1007154,4,0,0,0,18,42.5735,57.136,0.4444444444444444,1.8333333333333333,FALSE,0
1094471,0,0,4,4,12,23.71,27.832,0.5,1.9166666666666667,FALSE,1
1094474,1,1,4,4,15,16.866,16.87,0.9333333333333332,1.1333333333333333,FALSE,1
1094490,2,2,6,6,30,20.478,30.3945,0.5333333333333333,1.7666666666666666,TRUE,0
1094491,1,1,4,4,17,18.396,18.441,0.5882352941176471,1.4705882352941175,TRUE,0
1094521,0,0,3,3,7,72.266,72.277,0.8571428571428571,1.1428571428571428,FALSE,1
1094535,1,1,4,4,15,16.669,16.673,0.8666666666666667,1.2666666666666666,TRUE,1
